Day,Cow,Pig,Poultry,CH4,NH4
0,1.556135653,0.0,0.794125683,0.198188,2.01501836
1,1.556135653,0.0,0.794125683,0.374099,2.01918704
2,1.556135653,0.0,0.794125683,0.478677,2.04025996
3,1.556135653,0.0,0.794125683,0.536239,2.07208644
4,1.556135653,0.0,0.794125683,0.563551,2.10563132
5,1.556135653,0.0,0.794125683,0.574883,2.1376720999999996
6,1.556135653,0.0,0.794125683,0.583642,2.1691673999999996
7,1.556135653,0.0,0.794125683,0.591959,2.20090408
8,1.556135653,0.0,0.794125683,0.597956,2.2329357
9,1.556135653,0.0,0.794125683,0.601075,2.26503262
10,1.556135653,0.0,0.794125683,0.601989,2.29689736
11,1.556135653,0.0,0.794125683,0.601714,2.32824152
12,1.556135653,0.0,0.794125683,0.600898,2.35884835
13,1.556135653,0.0,0.794125683,0.599979,2.38859475
14,1.556135653,0.0,0.794125683,0.599102,2.41743138
15,1.556135653,0.0,0.794125683,0.598379,2.44535308
16,1.556135653,0.0,0.794125683,0.597813,2.4723750100000004
17,1.556135653,0.0,0.794125683,0.597408,2.4985198
18,1.556135653,0.0,0.794125683,0.597131,2.5238117
19,1.556135653,0.0,0.794125683,0.596963,2.5482748
20,1.556135653,0.0,0.794125683,0.596874,2.5719325800000004
21,1.556135653,0.0,0.794125683,0.596842,2.5948077499999997
22,1.556135653,0.0,0.794125683,0.596853,2.6169222899999998
23,1.556135653,0.0,0.794125683,0.596894,2.6382977
24,1.556135653,0.0,0.794125683,0.596956,2.65895523
25,1.556135653,0.0,0.794125683,0.597031,2.6789158900000003
26,1.556135653,0.0,0.794125683,0.597114,2.69820055
27,1.556135653,0.0,0.794125683,0.597201,2.7168296599999997
28,1.556135653,0.0,0.794125683,0.597291,2.7348232699999997
29,1.556135653,0.0,0.794125683,0.597381,2.75220142
30,1.361618696,0.0,1.191188525,0.665443,2.78686942
31,1.361618696,0.0,1.191188525,0.682456,2.83020448
32,1.361618696,0.0,1.191188525,0.686796,2.87427625
33,1.361618696,0.0,1.191188525,0.687823,2.9170578799999998
34,1.361618696,0.0,1.191188525,0.688548,2.95847176
35,1.361618696,0.0,1.191188525,0.689315,2.99863714
36,1.361618696,0.0,1.191188525,0.690027,3.03759453
37,1.361618696,0.0,1.191188525,0.690625,3.07534739
38,1.361618696,0.0,1.191188525,0.691109,3.11189466
39,1.361618696,0.0,1.191188525,0.691498,3.14724405
40,1.361618696,0.0,1.191188525,0.691808,3.18141117
41,1.361618696,0.0,1.191188525,0.692052,3.21441792
42,1.361618696,0.0,1.191188525,0.692246,3.24628893
43,1.361618696,0.0,1.191188525,0.6924,3.27705233
44,1.361618696,0.0,1.191188525,0.692524,3.30673907
45,1.361618696,0.0,1.191188525,0.692623,3.33538105
46,1.361618696,0.0,1.191188525,0.692701,3.36301031
47,1.361618696,0.0,1.191188525,0.69276,3.3896587
48,1.361618696,0.0,1.191188525,0.692804,3.4153580700000004
49,1.361618696,0.0,1.191188525,0.692834,3.44013913
50,1.361618696,0.0,1.191188525,0.692854,3.46403304
51,1.361618696,0.0,1.191188525,0.692864,3.48706884
52,1.361618696,0.0,1.191188525,0.692866,3.50927659
53,1.361618696,0.0,1.191188525,0.692861,3.5306838
54,1.361618696,0.0,1.191188525,0.692851,3.55131879
55,1.361618696,0.0,1.191188525,0.692833,3.57120786
56,1.361618696,0.0,1.191188525,0.692808,3.5903764299999996
57,1.361618696,0.0,1.191188525,0.692776,3.60884993
58,1.361618696,0.0,1.191188525,0.692738,3.62665461
59,1.361618696,0.0,1.191188525,0.692695,3.64381257
60,1.361618696,0.075032629,0.794125683,0.623649,3.64341401
61,1.361618696,0.075032629,0.794125683,0.605723,3.63554913
62,1.361618696,0.075032629,0.794125683,0.598541,3.62585985
63,1.361618696,0.075032629,0.794125683,0.594365,3.61551675
64,1.361618696,0.075032629,0.794125683,0.591628,3.60494586
65,1.361618696,0.075032629,0.794125683,0.589731,3.59435738
66,1.361618696,0.075032629,0.794125683,0.588373,3.5838664600000003
67,1.361618696,0.075032629,0.794125683,0.587376,3.57353867
68,1.361618696,0.075032629,0.794125683,0.586633,3.56341548
69,1.361618696,0.075032629,0.794125683,0.586068,3.55352356
70,1.361618696,0.075032629,0.794125683,0.585635,3.5438795300000003
71,1.361618696,0.075032629,0.794125683,0.585303,3.53449424
72,1.361618696,0.075032629,0.794125683,0.585046,3.52537462
73,1.361618696,0.075032629,0.794125683,0.584846,3.51652412
74,1.361618696,0.075032629,0.794125683,0.584688,3.5079433
75,1.361618696,0.075032629,0.794125683,0.584562,3.49963066
76,1.361618696,0.075032629,0.794125683,0.58446,3.49158373
77,1.361618696,0.075032629,0.794125683,0.584378,3.4837981
78,1.361618696,0.075032629,0.794125683,0.584311,3.47626959
79,1.361618696,0.075032629,0.794125683,0.584256,3.46899206
80,1.361618696,0.075032629,0.794125683,0.584209,3.4619601600000003
81,1.361618696,0.075032629,0.794125683,0.58417,3.45516721
82,1.361618696,0.075032629,0.794125683,0.584137,3.4486071700000003
83,1.361618696,0.075032629,0.794125683,0.584108,3.4422732999999996
84,1.361618696,0.075032629,0.794125683,0.584083,3.4361593299999997
85,1.361618696,0.075032629,0.794125683,0.584061,3.43025864
86,1.361618696,0.075032629,0.794125683,0.584042,3.42456482
87,1.361618696,0.075032629,0.794125683,0.584024,3.41907145
88,1.361618696,0.075032629,0.794125683,0.584009,3.41377209
89,1.361618696,0.075032629,0.794125683,0.583996,3.40866026
90,1.361618696,0.150065258,0.397062842,0.516165,3.38774173
91,1.361618696,0.150065258,0.397062842,0.49609,3.35908685
92,1.361618696,0.150065258,0.397062842,0.487517,3.32867159
93,1.361618696,0.150065258,0.397062842,0.482988,3.29825041
94,1.361618696,0.150065258,0.397062842,0.480372,3.2684414299999998
95,1.361618696,0.150065258,0.397062842,0.478738,3.2394730199999997
96,1.361618696,0.150065258,0.397062842,0.477627,3.21140367
97,1.361618696,0.150065258,0.397062842,0.476809,3.1842302800000004
98,1.361618696,0.150065258,0.397062842,0.476165,3.15792995
99,1.361618696,0.150065258,0.397062842,0.475643,3.13247659
100,1.361618696,0.150065258,0.397062842,0.475221,3.10784958
101,1.361618696,0.150065258,0.397062842,0.474877,3.0840325899999996
102,1.361618696,0.150065258,0.397062842,0.474589,3.06100875
103,1.361618696,0.150065258,0.397062842,0.474346,3.03875902
104,1.361618696,0.150065258,0.397062842,0.474142,3.01726392
105,1.361618696,0.150065258,0.397062842,0.473968,2.99650418
106,1.361618696,0.150065258,0.397062842,0.473818,2.97646025
107,1.361618696,0.150065258,0.397062842,0.473689,2.95711192
108,1.361618696,0.150065258,0.397062842,0.473575,2.93843845
109,1.361618696,0.150065258,0.397062842,0.473475,2.92041912
110,1.361618696,0.150065258,0.397062842,0.473385,2.90303304
111,1.361618696,0.150065258,0.397062842,0.473306,2.88626025
112,1.361618696,0.150065258,0.397062842,0.473235,2.87008044
113,1.361618696,0.150065258,0.397062842,0.473172,2.85447474
114,1.361618696,0.150065258,0.397062842,0.473116,2.83942375
115,1.361618696,0.150065258,0.397062842,0.473066,2.82490929
116,1.361618696,0.150065258,0.397062842,0.47302,2.8109131
117,1.361618696,0.150065258,0.397062842,0.472979,2.7974175
118,1.361618696,0.150065258,0.397062842,0.472942,2.78440563
119,1.361618696,0.150065258,0.397062842,0.472908,2.77186022
120,1.16710174,0.225097887,0.397062842,0.470109,2.76154943
121,1.16710174,0.225097887,0.397062842,0.466852,2.7523674700000003
122,1.16710174,0.225097887,0.397062842,0.464039,2.74355335
123,1.16710174,0.225097887,0.397062842,0.461889,2.73488103
124,1.16710174,0.225097887,0.397062842,0.460409,2.72634883
125,1.16710174,0.225097887,0.397062842,0.459457,2.71800752
126,1.16710174,0.225097887,0.397062842,0.458858,2.70989772
127,1.16710174,0.225097887,0.397062842,0.458476,2.70203782
128,1.16710174,0.225097887,0.397062842,0.458219,2.6944306900000004
129,1.16710174,0.225097887,0.397062842,0.458034,2.6870711099999998
130,1.16710174,0.225097887,0.397062842,0.457892,2.67995147
131,1.16710174,0.225097887,0.397062842,0.457778,2.67306461
132,1.16710174,0.225097887,0.397062842,0.457681,2.6664039400000004
133,1.16710174,0.225097887,0.397062842,0.457597,2.65996342
134,1.16710174,0.225097887,0.397062842,0.457524,2.6537372599999998
135,1.16710174,0.225097887,0.397062842,0.45746,2.64771995
136,1.16710174,0.225097887,0.397062842,0.457404,2.64190607
137,1.16710174,0.225097887,0.397062842,0.457354,2.63629009
138,1.16710174,0.225097887,0.397062842,0.45731,2.63086654
139,1.16710174,0.225097887,0.397062842,0.457271,2.62562993
140,1.16710174,0.225097887,0.397062842,0.457237,2.62057481
141,1.16710174,0.225097887,0.397062842,0.457206,2.61569578
142,1.16710174,0.225097887,0.397062842,0.45718,2.61098747
143,1.16710174,0.225097887,0.397062842,0.457156,2.60644461
144,1.16710174,0.225097887,0.397062842,0.457135,2.6020619799999998
145,1.16710174,0.225097887,0.397062842,0.457117,2.5978345
146,1.16710174,0.225097887,0.397062842,0.457101,2.59375715
147,1.16710174,0.225097887,0.397062842,0.457087,2.58982503
148,1.16710174,0.225097887,0.397062842,0.457075,2.58603341
149,1.16710174,0.225097887,0.397062842,0.457064,2.5823776499999997
150,0.972584783,0.225097887,0.794125683,0.520782,2.59531776
151,0.972584783,0.225097887,0.794125683,0.541562,2.6187917200000004
152,0.972584783,0.225097887,0.794125683,0.548918,2.64523441
153,0.972584783,0.225097887,0.794125683,0.549943,2.6709781699999997
154,0.972584783,0.225097887,0.794125683,0.549749,2.69544609
155,0.972584783,0.225097887,0.794125683,0.549852,2.7189325600000003
156,0.972584783,0.225097887,0.794125683,0.550238,2.7416671200000002
157,0.972584783,0.225097887,0.794125683,0.550689,2.76373268
158,0.972584783,0.225097887,0.794125683,0.551098,2.7851414599999997
159,0.972584783,0.225097887,0.794125683,0.551432,2.80588969
160,0.972584783,0.225097887,0.794125683,0.551699,2.82597496
161,0.972584783,0.225097887,0.794125683,0.551918,2.8454034499999996
162,0.972584783,0.225097887,0.794125683,0.552098,2.86418724
163,0.972584783,0.225097887,0.794125683,0.55225,2.88234158
164,0.972584783,0.225097887,0.794125683,0.552388,2.89988478
165,0.972584783,0.225097887,0.794125683,0.552518,2.91683797
166,0.972584783,0.225097887,0.794125683,0.552647,2.93322409
167,0.972584783,0.225097887,0.794125683,0.552781,2.94906714
168,0.972584783,0.225097887,0.794125683,0.552927,2.9643923799999996
169,0.972584783,0.225097887,0.794125683,0.553089,2.97922624
170,0.972584783,0.225097887,0.794125683,0.553272,2.99359609
171,0.972584783,0.225097887,0.794125683,0.553479,3.0075298
172,0.972584783,0.225097887,0.794125683,0.553713,3.02105494
173,0.972584783,0.225097887,0.794125683,0.553973,3.0341978600000004
174,0.972584783,0.225097887,0.794125683,0.554256,3.0469824400000003
175,0.972584783,0.225097887,0.794125683,0.554554,3.0594286000000004
176,0.972584783,0.225097887,0.794125683,0.554854,3.07155062
177,0.972584783,0.225097887,0.794125683,0.55514,3.08335564
178,0.972584783,0.225097887,0.794125683,0.555398,3.09484308
179,0.972584783,0.225097887,0.794125683,0.55561,3.1060050500000003
180,0.778067826,0.225097887,1.191188525,0.622271,3.13614329
181,0.778067826,0.225097887,1.191188525,0.638782,3.17362484
182,0.778067826,0.225097887,1.191188525,0.642484,3.2111392700000003
183,0.778067826,0.225097887,1.191188525,0.644076,3.24777456
184,0.778067826,0.225097887,1.191188525,0.645163,3.28349197
185,0.778067826,0.225097887,1.191188525,0.645896,3.3182395799999997
186,0.778067826,0.225097887,1.191188525,0.646356,3.3519543
187,0.778067826,0.225097887,1.191188525,0.6466,3.3845904300000003
188,0.778067826,0.225097887,1.191188525,0.646688,3.4161254800000003
189,0.778067826,0.225097887,1.191188525,0.646664,3.44655859
190,0.778067826,0.225097887,1.191188525,0.646557,3.47590266
191,0.778067826,0.225097887,1.191188525,0.64639,3.50417981
192,0.778067826,0.225097887,1.191188525,0.646182,3.53141878
193,0.778067826,0.225097887,1.191188525,0.645936,3.55765124
194,0.778067826,0.225097887,1.191188525,0.645659,3.5829103399999997
195,0.778067826,0.225097887,1.191188525,0.645356,3.60723051
196,0.778067826,0.225097887,1.191188525,0.645027,3.63064574
197,0.778067826,0.225097887,1.191188525,0.644666,3.65318918
198,0.778067826,0.225097887,1.191188525,0.644272,3.67489296
199,0.778067826,0.225097887,1.191188525,0.643839,3.69578793
200,0.778067826,0.225097887,1.191188525,0.643362,3.71590361
201,0.778067826,0.225097887,1.191188525,0.642833,3.73526827
202,0.778067826,0.225097887,1.191188525,0.642246,3.7539090099999997
203,0.778067826,0.225097887,1.191188525,0.641592,3.7718518100000002
204,0.778067826,0.225097887,1.191188525,0.640861,3.78912159
205,0.778067826,0.225097887,1.191188525,0.640043,3.8057424
206,0.778067826,0.225097887,1.191188525,0.639124,3.82173754
207,0.778067826,0.225097887,1.191188525,0.638093,3.83712957
208,0.778067826,0.225097887,1.191188525,0.636934,3.8519405200000003
209,0.778067826,0.225097887,1.191188525,0.635631,3.8661918799999997
210,0.778067826,0.225097887,1.191188525,0.634166,3.87990478
211,0.778067826,0.225097887,1.191188525,0.632517,3.8931
212,0.778067826,0.225097887,1.191188525,0.630672,3.9057977900000003
213,0.778067826,0.225097887,1.191188525,0.628609,3.9180181099999998
214,0.778067826,0.225097887,1.191188525,0.626291,3.9297808
215,0.778067826,0.225097887,1.191188525,0.623716,3.94110467
216,0.778067826,0.225097887,1.191188525,0.620862,3.95200782
217,0.778067826,0.225097887,1.191188525,0.617698,3.96250787
218,0.778067826,0.225097887,1.191188525,0.614214,3.97262138
219,0.778067826,0.225097887,1.191188525,0.610392,3.9823635599999996
220,0.778067826,0.225097887,1.191188525,0.606216,3.9917483099999997
221,0.778067826,0.225097887,1.191188525,0.601675,4.00078817
222,0.778067826,0.225097887,1.191188525,0.596761,4.00949413
223,0.778067826,0.225097887,1.191188525,0.591471,4.01787546
224,0.778067826,0.225097887,1.191188525,0.585804,4.02593977
225,0.778067826,0.225097887,1.191188525,0.579766,4.03369296
226,0.778067826,0.225097887,1.191188525,0.573367,4.0411392
227,0.778067826,0.225097887,1.191188525,0.566625,4.04828098
228,0.778067826,0.225097887,1.191188525,0.559559,4.05511906
229,0.778067826,0.225097887,1.191188525,0.552198,4.0616528
230,0.778067826,0.225097887,1.191188525,0.544573,4.0678802
231,0.778067826,0.225097887,1.191188525,0.536718,4.07379819
232,0.778067826,0.225097887,1.191188525,0.528672,4.07940281
233,0.778067826,0.225097887,1.191188525,0.520477,4.08468943
234,0.778067826,0.225097887,1.191188525,0.512175,4.08965355
235,0.778067826,0.225097887,1.191188525,0.503807,4.09429066
236,0.778067826,0.225097887,1.191188525,0.495414,4.09859735
237,0.778067826,0.225097887,1.191188525,0.487032,4.1025709
238,0.778067826,0.225097887,1.191188525,0.4787,4.10620984
239,0.778067826,0.225097887,1.191188525,0.470447,4.10951463
240,0.778067826,0.225097887,1.191188525,0.462303,4.11248783
241,0.778067826,0.225097887,1.191188525,0.454292,4.11513256
242,0.778067826,0.225097887,1.191188525,0.446433,4.1174551
243,0.778067826,0.225097887,1.191188525,0.438742,4.11946297
244,0.778067826,0.225097887,1.191188525,0.431233,4.12116524
245,0.778067826,0.225097887,1.191188525,0.423913,4.1225723
246,0.778067826,0.225097887,1.191188525,0.416788,4.1236957
247,0.778067826,0.225097887,1.191188525,0.409861,4.12454785
248,0.778067826,0.225097887,1.191188525,0.403133,4.12514191
249,0.778067826,0.225097887,1.191188525,0.396604,4.1254913900000005
250,0.778067826,0.225097887,1.191188525,0.390273,4.12561006
251,0.778067826,0.225097887,1.191188525,0.384132,4.12551174
252,0.778067826,0.225097887,1.191188525,0.378177,4.12521028
253,0.778067826,0.225097887,1.191188525,0.372398,4.1247193
254,0.778067826,0.225097887,1.191188525,0.366788,4.1240521900000005
255,0.778067826,0.225097887,1.191188525,0.36134,4.12322201
256,0.778067826,0.225097887,1.191188525,0.356035,4.12224155
257,0.778067826,0.225097887,1.191188525,0.350861,4.12112331
258,0.778067826,0.225097887,1.191188525,0.345802,4.119879340000001
259,0.778067826,0.225097887,1.191188525,0.340842,4.11852132
0,1.556135653,0.0,0.794125683,0.198188133,2.015018364
1,1.556135653,0.0,0.794125683,0.37409896,2.019187043
2,1.556135653,0.0,0.794125683,0.478676959,2.040259963
3,1.556135653,0.0,0.794125683,0.536239407,2.072086435
4,1.556135653,0.0,0.794125683,0.563550861,2.105631323
5,1.556135653,0.0,0.794125683,0.574883185,2.1376720999999996
6,1.556135653,0.0,0.794125683,0.58364229,2.1691673959999997
7,1.556135653,0.0,0.794125683,0.591959125,2.200904075
8,1.556135653,0.0,0.794125683,0.597955854,2.232935696
9,1.556135653,0.0,0.794125683,0.601074867,2.265032621
10,1.556135653,0.0,0.794125683,0.601989437,2.296897355
11,1.556135653,0.0,0.794125683,0.601714461,2.328241523
12,1.556135653,0.0,0.794125683,0.60089801,2.358848353
13,1.556135653,0.0,0.794125683,0.599979077,2.388594754
14,1.556135653,0.0,0.794125683,0.599101596,2.4174313769999998
15,1.556135653,0.0,0.794125683,0.59837873,2.44535308
16,1.556135653,0.0,0.794125683,0.597813296,2.472375011
17,1.556135653,0.0,0.794125683,0.597407925,2.4985198
18,1.556135653,0.0,0.794125683,0.597131256,2.5238117
19,1.556135653,0.0,0.794125683,0.596962681,2.5482747989999996
20,1.556135653,0.0,0.794125683,0.596873581,2.571932582
21,1.556135653,0.0,0.794125683,0.596842434,2.594807748
22,1.556135653,0.0,0.794125683,0.596853436,2.616922291
23,1.556135653,0.0,0.794125683,0.596894291,2.6382977
24,1.556135653,0.0,0.794125683,0.596955844,2.658955228
25,1.556135653,0.0,0.794125683,0.59703089,2.678915894
26,1.556135653,0.0,0.794125683,0.597114116,2.698200549
27,1.556135653,0.0,0.794125683,0.597201317,2.716829659
28,1.556135653,0.0,0.794125683,0.597290671,2.734823269
29,1.556135653,0.0,0.794125683,0.597381242,2.752201419
30,1.361618696,0.0,1.191188525,0.665442803,2.786869422
31,1.361618696,0.0,1.191188525,0.682456024,2.830204479
32,1.361618696,0.0,1.191188525,0.686796144,2.8742762539999998
33,1.361618696,0.0,1.191188525,0.687822957,2.917057883
34,1.361618696,0.0,1.191188525,0.688548267,2.958471763
35,1.361618696,0.0,1.191188525,0.689315484,2.998637142
36,1.361618696,0.0,1.191188525,0.690026549,3.037594528
37,1.361618696,0.0,1.191188525,0.690625253,3.075347387
38,1.361618696,0.0,1.191188525,0.691108615,3.111894658
39,1.361618696,0.0,1.191188525,0.691497959,3.147244047
40,1.361618696,0.0,1.191188525,0.691807862,3.1814111720000002
41,1.361618696,0.0,1.191188525,0.692052497,3.2144179210000003
42,1.361618696,0.0,1.191188525,0.692245679,3.246288927
43,1.361618696,0.0,1.191188525,0.692399725,3.2770523309999997
44,1.361618696,0.0,1.191188525,0.692523729,3.306739073
45,1.361618696,0.0,1.191188525,0.692623245,3.335381047
46,1.361618696,0.0,1.191188525,0.692700927,3.363010309
47,1.361618696,0.0,1.191188525,0.6927599,3.389658699
48,1.361618696,0.0,1.191188525,0.692804054,3.4153580700000004
49,1.361618696,0.0,1.191188525,0.69283416,3.4401391290000003
50,1.361618696,0.0,1.191188525,0.692854099,3.46403304
51,1.361618696,0.0,1.191188525,0.69286364,3.4870688420000002
52,1.361618696,0.0,1.191188525,0.692866229,3.5092765850000003
53,1.361618696,0.0,1.191188525,0.692861395,3.5306838039999997
54,1.361618696,0.0,1.191188525,0.692850787,3.551318792
55,1.361618696,0.0,1.191188525,0.69283305,3.571207861
56,1.361618696,0.0,1.191188525,0.692808002,3.590376435
57,1.361618696,0.0,1.191188525,0.692775742,3.60884993
58,1.361618696,0.0,1.191188525,0.692738185,3.626654608
59,1.361618696,0.0,1.191188525,0.692694799,3.643812571
60,1.361618696,0.075032629,0.794125683,0.623648803,3.643414006
61,1.361618696,0.075032629,0.794125683,0.605723101,3.6355491270000004
62,1.361618696,0.075032629,0.794125683,0.59854111,3.625859845
63,1.361618696,0.075032629,0.794125683,0.594365307,3.615516747
64,1.361618696,0.075032629,0.794125683,0.591628256,3.60494586
65,1.361618696,0.075032629,0.794125683,0.589730932,3.5943573769999997
66,1.361618696,0.075032629,0.794125683,0.588372765,3.583866461
67,1.361618696,0.075032629,0.794125683,0.587376086,3.573538665
68,1.361618696,0.075032629,0.794125683,0.586632602,3.5634154830000004
69,1.361618696,0.075032629,0.794125683,0.586067576,3.5535235640000002
70,1.361618696,0.075032629,0.794125683,0.58563486,3.543879526
71,1.361618696,0.075032629,0.794125683,0.585302681,3.534494242
72,1.361618696,0.075032629,0.794125683,0.585046342,3.5253746230000003
73,1.361618696,0.075032629,0.794125683,0.584846253,3.516524122
74,1.361618696,0.075032629,0.794125683,0.584688035,3.507943299
75,1.361618696,0.075032629,0.794125683,0.584561959,3.4996306610000003
76,1.361618696,0.075032629,0.794125683,0.584459994,3.491583729
77,1.361618696,0.075032629,0.794125683,0.584378322,3.4837981009999996
78,1.361618696,0.075032629,0.794125683,0.584310762,3.4762695910000003
79,1.361618696,0.075032629,0.794125683,0.584255845,3.468992063
80,1.361618696,0.075032629,0.794125683,0.58420949,3.461960161
81,1.361618696,0.075032629,0.794125683,0.584170397,3.4551672119999997
82,1.361618696,0.075032629,0.794125683,0.584136749,3.448607165
83,1.361618696,0.075032629,0.794125683,0.584107732,3.442273303
84,1.361618696,0.075032629,0.794125683,0.584082581,3.436159328
85,1.361618696,0.075032629,0.794125683,0.584060755,3.430258644
86,1.361618696,0.075032629,0.794125683,0.58404153,3.424564821
87,1.361618696,0.075032629,0.794125683,0.58402445,3.4190714520000003
88,1.361618696,0.075032629,0.794125683,0.584009259,3.413772089
89,1.361618696,0.075032629,0.794125683,0.583995904,3.4086602619999997
90,1.361618696,0.150065258,0.397062842,0.516165002,3.387741733
91,1.361618696,0.150065258,0.397062842,0.496089953,3.359086852
92,1.361618696,0.150065258,0.397062842,0.487516682,3.328671589
93,1.361618696,0.150065258,0.397062842,0.482987765,3.29825041
94,1.361618696,0.150065258,0.397062842,0.480372176,3.2684414339999996
95,1.361618696,0.150065258,0.397062842,0.478737679,3.239473023
96,1.361618696,0.150065258,0.397062842,0.477627003,3.211403667
97,1.361618696,0.150065258,0.397062842,0.476808791,3.184230282
98,1.361618696,0.150065258,0.397062842,0.476164581,3.1579299510000003
99,1.361618696,0.150065258,0.397062842,0.47564339,3.132476593
100,1.361618696,0.150065258,0.397062842,0.47522114,3.1078495779999997
101,1.361618696,0.150065258,0.397062842,0.474876508,3.0840325920000002
102,1.361618696,0.150065258,0.397062842,0.474589095,3.061008745
103,1.361618696,0.150065258,0.397062842,0.474346462,3.0387590159999998
104,1.361618696,0.150065258,0.397062842,0.474141726,3.01726392
105,1.361618696,0.150065258,0.397062842,0.473967521,2.996504183
106,1.361618696,0.150065258,0.397062842,0.473818165,2.976460251
107,1.361618696,0.150065258,0.397062842,0.473688798,2.957111923
108,1.361618696,0.150065258,0.397062842,0.473575451,2.9384384530000003
109,1.361618696,0.150065258,0.397062842,0.473474842,2.920419124
110,1.361618696,0.150065258,0.397062842,0.473385357,2.903033039
111,1.361618696,0.150065258,0.397062842,0.473306005,2.886260251
112,1.361618696,0.150065258,0.397062842,0.473235256,2.870080444
113,1.361618696,0.150065258,0.397062842,0.473172264,2.8544747430000004
114,1.361618696,0.150065258,0.397062842,0.47311606,2.839423746
115,1.361618696,0.150065258,0.397062842,0.473065641,2.824909287
116,1.361618696,0.150065258,0.397062842,0.47302025,2.810913099
117,1.361618696,0.150065258,0.397062842,0.472979164,2.797417496
118,1.361618696,0.150065258,0.397062842,0.472941844,2.784405634
119,1.361618696,0.150065258,0.397062842,0.472908,2.771860219
120,1.16710174,0.225097887,0.397062842,0.470108742,2.761549435
121,1.16710174,0.225097887,0.397062842,0.466852338,2.7523674750000002
122,1.16710174,0.225097887,0.397062842,0.464038806,2.743553349
123,1.16710174,0.225097887,0.397062842,0.461888892,2.734881034
124,1.16710174,0.225097887,0.397062842,0.460409237,2.726348829
125,1.16710174,0.225097887,0.397062842,0.459456516,2.71800752
126,1.16710174,0.225097887,0.397062842,0.458857512,2.709897721
127,1.16710174,0.225097887,0.397062842,0.458475513,2.702037822
128,1.16710174,0.225097887,0.397062842,0.45821905,2.6944306900000004
129,1.16710174,0.225097887,0.397062842,0.458033536,2.6870711099999998
130,1.16710174,0.225097887,0.397062842,0.457892382,2.6799514720000004
131,1.16710174,0.225097887,0.397062842,0.457777705,2.6730646109999996
132,1.16710174,0.225097887,0.397062842,0.457680612,2.666403936
133,1.16710174,0.225097887,0.397062842,0.457597017,2.6599634219999997
134,1.16710174,0.225097887,0.397062842,0.45752367,2.6537372599999998
135,1.16710174,0.225097887,0.397062842,0.457459621,2.6477199540000003
136,1.16710174,0.225097887,0.397062842,0.457403816,2.641906067
137,1.16710174,0.225097887,0.397062842,0.457354334,2.636290091
138,1.16710174,0.225097887,0.397062842,0.457310024,2.630866536
139,1.16710174,0.225097887,0.397062842,0.457271255,2.625629934
140,1.16710174,0.225097887,0.397062842,0.457236863,2.620574811
141,1.16710174,0.225097887,0.397062842,0.457206451,2.615695777
142,1.16710174,0.225097887,0.397062842,0.457179603,2.610987475
143,1.16710174,0.225097887,0.397062842,0.457156046,2.606444605
144,1.16710174,0.225097887,0.397062842,0.457135322,2.6020619820000004
145,1.16710174,0.225097887,0.397062842,0.457117071,2.5978345
146,1.16710174,0.225097887,0.397062842,0.457101015,2.593757149
147,1.16710174,0.225097887,0.397062842,0.457086957,2.589825034
148,1.16710174,0.225097887,0.397062842,0.457074673,2.586033407
149,1.16710174,0.225097887,0.397062842,0.457064065,2.582377649
150,0.972584783,0.225097887,0.794125683,0.520781992,2.595317761
151,0.972584783,0.225097887,0.794125683,0.5415615,2.618791717
152,0.972584783,0.225097887,0.794125683,0.548918064,2.645234406
153,0.972584783,0.225097887,0.794125683,0.549942944,2.6709781670000003
154,0.972584783,0.225097887,0.794125683,0.549748946,2.6954460869999997
155,0.972584783,0.225097887,0.794125683,0.549852409,2.718932558
156,0.972584783,0.225097887,0.794125683,0.550237857,2.7416671150000003
157,0.972584783,0.225097887,0.794125683,0.550688508,2.763732681
158,0.972584783,0.225097887,0.794125683,0.55109777,2.785141465
159,0.972584783,0.225097887,0.794125683,0.5514322,2.805889686
160,0.972584783,0.225097887,0.794125683,0.551698884,2.825974965
161,0.972584783,0.225097887,0.794125683,0.551917579,2.8454034459999997
162,0.972584783,0.225097887,0.794125683,0.552098133,2.86418724
163,0.972584783,0.225097887,0.794125683,0.552250495,2.882341581
164,0.972584783,0.225097887,0.794125683,0.552387565,2.899884776
165,0.972584783,0.225097887,0.794125683,0.552518089,2.916837974
166,0.972584783,0.225097887,0.794125683,0.552647404,2.933224091
167,0.972584783,0.225097887,0.794125683,0.552781419,2.949067145
168,0.972584783,0.225097887,0.794125683,0.5529268,2.964392375
169,0.972584783,0.225097887,0.794125683,0.553089113,2.9792262409999997
170,0.972584783,0.225097887,0.794125683,0.553272014,2.993596092
171,0.972584783,0.225097887,0.794125683,0.553479399,3.0075297959999996
172,0.972584783,0.225097887,0.794125683,0.553713193,3.021054942
173,0.972584783,0.225097887,0.794125683,0.553973176,3.034197855
174,0.972584783,0.225097887,0.794125683,0.554255941,3.046982438
175,0.972584783,0.225097887,0.794125683,0.554553645,3.0594286000000004
176,0.972584783,0.225097887,0.794125683,0.55485367,3.071550619
177,0.972584783,0.225097887,0.794125683,0.555140369,3.083355636
178,0.972584783,0.225097887,0.794125683,0.555397506,3.0948430819999997
179,0.972584783,0.225097887,0.794125683,0.555610143,3.106005045
180,0.778067826,0.225097887,1.191188525,0.622271147,3.1361432920000003
181,0.778067826,0.225097887,1.191188525,0.638782319,3.1736248369999998
182,0.778067826,0.225097887,1.191188525,0.642484132,3.211139272
183,0.778067826,0.225097887,1.191188525,0.644076391,3.247774557
184,0.778067826,0.225097887,1.191188525,0.645163249,3.2834919730000003
185,0.778067826,0.225097887,1.191188525,0.645895522,3.3182395820000004
186,0.778067826,0.225097887,1.191188525,0.646356093,3.351954304
187,0.778067826,0.225097887,1.191188525,0.64660007,3.3845904260000004
188,0.778067826,0.225097887,1.191188525,0.6466875,3.4161254789999997
189,0.778067826,0.225097887,1.191188525,0.646663641,3.446558586
190,0.778067826,0.225097887,1.191188525,0.646557218,3.475902659
191,0.778067826,0.225097887,1.191188525,0.646389548,3.5041798060000002
192,0.778067826,0.225097887,1.191188525,0.646181642,3.5314187820000003
193,0.778067826,0.225097887,1.191188525,0.645936432,3.557651242
194,0.778067826,0.225097887,1.191188525,0.645659154,3.582910343
195,0.778067826,0.225097887,1.191188525,0.645356468,3.607230512
196,0.778067826,0.225097887,1.191188525,0.645027158,3.630645739
197,0.778067826,0.225097887,1.191188525,0.644666494,3.6531891759999997
198,0.778067826,0.225097887,1.191188525,0.644272043,3.674892964
199,0.778067826,0.225097887,1.191188525,0.643839253,3.695787929
200,0.778067826,0.225097887,1.191188525,0.643361889,3.71590361
201,0.778067826,0.225097887,1.191188525,0.642833326,3.735268267
202,0.778067826,0.225097887,1.191188525,0.642246391,3.753909013
203,0.778067826,0.225097887,1.191188525,0.64159222,3.771851808
204,0.778067826,0.225097887,1.191188525,0.640861143,3.789121588
205,0.778067826,0.225097887,1.191188525,0.640042648,3.805742404
206,0.778067826,0.225097887,1.191188525,0.639124469,3.821737535
207,0.778067826,0.225097887,1.191188525,0.638092977,3.837129574
208,0.778067826,0.225097887,1.191188525,0.636933847,3.851940516
209,0.778067826,0.225097887,1.191188525,0.635631032,3.866191876
210,0.58355087,0.225097887,1.588251366,0.686353612,3.9016574989999997
211,0.58355087,0.225097887,1.588251366,0.689238353,3.940786658
212,0.58355087,0.225097887,1.588251366,0.685494863,3.97951392
213,0.58355087,0.225097887,1.588251366,0.680506791,4.017577712
214,0.58355087,0.225097887,1.588251366,0.674437945,4.054807809
215,0.58355087,0.225097887,1.588251366,0.667392139,4.091085725
216,0.58355087,0.225097887,1.588251366,0.659446755,4.1263315
217,0.58355087,0.225097887,1.588251366,0.650686933,4.160491478
218,0.58355087,0.225097887,1.588251366,0.641202685,4.193526854
219,0.58355087,0.225097887,1.588251366,0.631089075,4.225410322
220,0.58355087,0.225097887,1.588251366,0.620449161,4.2561233099999995
221,0.58355087,0.225097887,1.588251366,0.609391289,4.285652906999999
222,0.58355087,0.225097887,1.588251366,0.598024769,4.31399063
223,0.58355087,0.225097887,1.588251366,0.586457604,4.341132496999999
224,0.58355087,0.225097887,1.588251366,0.574793821,4.367079006
225,0.58355087,0.225097887,1.588251366,0.56313001,4.391835392
226,0.58355087,0.225097887,1.588251366,0.551552469,4.415412037
227,0.58355087,0.225097887,1.588251366,0.540135412,4.437824604999999
228,0.58355087,0.225097887,1.588251366,0.528941609,4.459093927
229,0.58355087,0.225097887,1.588251366,0.518022521,4.4792457510000006
230,0.58355087,0.225097887,1.588251366,0.507419164,4.498310157
231,0.58355087,0.225097887,1.588251366,0.497162881,4.516321273
232,0.58355087,0.225097887,1.588251366,0.487277896,4.533315896
233,0.58355087,0.225097887,1.588251366,0.477781966,4.549332733
234,0.58355087,0.225097887,1.588251366,0.468686085,4.56441259
235,0.58355087,0.225097887,1.588251366,0.459996961,4.578596510000001
236,0.58355087,0.225097887,1.588251366,0.451718636,4.591925654
237,0.58355087,0.225097887,1.588251366,0.443851483,4.604441274
238,0.58355087,0.225097887,1.588251366,0.436393966,4.616183672
239,0.58355087,0.225097887,1.588251366,0.42934017,4.6271921869999995
0,0.972584783,0.225097887,0.794125683,0.19423551,2.019682018
1,0.972584783,0.225097887,0.794125683,0.36262682,2.030946667
2,0.972584783,0.225097887,0.794125683,0.46339757,2.060586601
3,0.972584783,0.225097887,0.794125683,0.5166155,2.1001889339999997
4,0.972584783,0.225097887,0.794125683,0.53671027,2.139682214
5,0.972584783,0.225097887,0.794125683,0.54093055,2.176879681
6,0.972584783,0.225097887,0.794125683,0.54493004,2.213351439
7,0.972584783,0.225097887,0.794125683,0.55009744,2.2498415169999997
8,0.972584783,0.225097887,0.794125683,0.55364349,2.286302157
9,0.972584783,0.225097887,0.794125683,0.55495045,2.322477193
10,0.972584783,0.225097887,0.794125683,0.55479044,2.358088389
11,0.972584783,0.225097887,0.794125683,0.5540117,2.392887504
12,0.972584783,0.225097887,0.794125683,0.55310027,2.426702776
13,0.972584783,0.225097887,0.794125683,0.55225522,2.45945154
14,0.972584783,0.225097887,0.794125683,0.55155837,2.491116218
15,0.972584783,0.225097887,0.794125683,0.55102573,2.521712249
16,0.972584783,0.225097887,0.794125683,0.55064396,2.551269385
17,0.972584783,0.225097887,0.794125683,0.55039103,2.579821365
18,0.972584783,0.225097887,0.794125683,0.55023711,2.607401433
19,0.972584783,0.225097887,0.794125683,0.55015936,2.6340415619999997
20,0.972584783,0.225097887,0.794125683,0.55013672,2.6597725519999997
21,0.972584783,0.225097887,0.794125683,0.55015502,2.6846238330000003
22,0.972584783,0.225097887,0.794125683,0.55019767,2.7086236090000004
23,0.972584783,0.225097887,0.794125683,0.55025873,2.731799094
24,0.972584783,0.225097887,0.794125683,0.55033272,2.7541765810000003
25,0.972584783,0.225097887,0.794125683,0.55041553,2.7757820040000003
26,0.972584783,0.225097887,0.794125683,0.55050108,2.796640206
27,0.972584783,0.225097887,0.794125683,0.55058763,2.816775975
28,0.972584783,0.225097887,0.794125683,0.55067423,2.836212963
29,0.972584783,0.225097887,0.794125683,0.55075941,2.854974189
30,1.16710174,0.225097887,0.397062842,0.4819681,2.855354928
31,1.16710174,0.225097887,0.397062842,0.46667465,2.846425327
32,1.16710174,0.225097887,0.397062842,0.46165927,2.834967454
33,1.16710174,0.225097887,0.397062842,0.4597365,2.822968143
34,1.16710174,0.225097887,0.397062842,0.45895862,2.8111030689999996
35,1.16710174,0.225097887,0.397062842,0.45858777,2.799590545
36,1.16710174,0.225097887,0.397062842,0.45832722,2.788470845
37,1.16710174,0.225097887,0.397062842,0.45807461,2.777718929
38,1.16710174,0.225097887,0.397062842,0.45782062,2.767306733
39,1.16710174,0.225097887,0.397062842,0.45757881,2.757216047
40,1.16710174,0.225097887,0.397062842,0.45736289,2.747436671
41,1.16710174,0.225097887,0.397062842,0.45718441,2.737965139
42,1.16710174,0.225097887,0.397062842,0.45704272,2.728800138
43,1.16710174,0.225097887,0.397062842,0.45693026,2.7199387849999996
44,1.16710174,0.225097887,0.397062842,0.45684181,2.711376214
45,1.16710174,0.225097887,0.397062842,0.45677406,2.703106091
46,1.16710174,0.225097887,0.397062842,0.45672245,2.695122621
47,1.16710174,0.225097887,0.397062842,0.45668355,2.687418315
48,1.16710174,0.225097887,0.397062842,0.45665399,2.679986132
49,1.16710174,0.225097887,0.397062842,0.45663163,2.672817779
50,1.16710174,0.225097887,0.397062842,0.4566148,2.6659051760000003
51,1.16710174,0.225097887,0.397062842,0.45660197,2.6592400400000002
52,1.16710174,0.225097887,0.397062842,0.456593,2.6528142910000003
53,1.16710174,0.225097887,0.397062842,0.45658692,2.6466200669999997
54,1.16710174,0.225097887,0.397062842,0.45658385,2.640650062
55,1.16710174,0.225097887,0.397062842,0.45658252,2.634896087
56,1.16710174,0.225097887,0.397062842,0.45658283,2.629351134
57,1.16710174,0.225097887,0.397062842,0.45658479,2.624008359
58,1.16710174,0.225097887,0.397062842,0.45658747,2.618859933
59,1.16710174,0.225097887,0.397062842,0.45659099,2.613899178
60,1.361618696,0.150065258,0.397062842,0.45933663,2.607341317
61,1.361618696,0.150065258,0.397062842,0.46263208,2.600268363
62,1.361618696,0.150065258,0.397062842,0.46542494,2.5934036999999996
63,1.361618696,0.150065258,0.397062842,0.46752677,2.5869595739999998
64,1.361618696,0.150065258,0.397062842,0.46896981,2.5809216929999996
65,1.361618696,0.150065258,0.397062842,0.46990132,2.575224983
66,1.361618696,0.150065258,0.397062842,0.47048672,2.569809305
67,1.361618696,0.150065258,0.397062842,0.47085669,2.564637778
68,1.361618696,0.150065258,0.397062842,0.47110345,2.55968814
69,1.361618696,0.150065258,0.397062842,0.47128262,2.554947587
70,1.361618696,0.150065258,0.397062842,0.4714221,2.550407742
71,1.361618696,0.150065258,0.397062842,0.47153531,2.54606059
72,1.361618696,0.150065258,0.397062842,0.47162982,2.5418974509999996
73,1.361618696,0.150065258,0.397062842,0.47171177,2.5379097489999998
74,1.361618696,0.150065258,0.397062842,0.47178433,2.53408882
75,1.361618696,0.150065258,0.397062842,0.47184814,2.530426431
76,1.361618696,0.150065258,0.397062842,0.47190486,2.526914808
77,1.361618696,0.150065258,0.397062842,0.4719552,2.523546504
78,1.361618696,0.150065258,0.397062842,0.47199989,2.520314844
79,1.361618696,0.150065258,0.397062842,0.47203958,2.517213851
80,1.361618696,0.150065258,0.397062842,0.472075,2.514236961
81,1.361618696,0.150065258,0.397062842,0.47210669,2.511378433
82,1.361618696,0.150065258,0.397062842,0.47213494,2.5086333610000002
83,1.361618696,0.150065258,0.397062842,0.47216038,2.505995805
84,1.361618696,0.150065258,0.397062842,0.47218319,2.503462236
85,1.361618696,0.150065258,0.397062842,0.47220387,2.501027027
86,1.361618696,0.150065258,0.397062842,0.47222257,2.4986869499999997
87,1.361618696,0.150065258,0.397062842,0.47223962,2.496437502
88,1.361618696,0.150065258,0.397062842,0.47225526,2.494274779
89,1.361618696,0.150065258,0.397062842,0.47226958,2.4921955870000003
90,1.361618696,0.075032629,0.794125683,0.53895023,2.504853627
91,1.361618696,0.075032629,0.794125683,0.56218667,2.5272756629999997
92,1.361618696,0.075032629,0.794125683,0.57231319,2.5527252039999997
93,1.361618696,0.075032629,0.794125683,0.57567643,2.577756085
94,1.361618696,0.075032629,0.794125683,0.57709281,2.6017003869999997
95,1.361618696,0.075032629,0.794125683,0.57822283,2.624764339
96,1.361618696,0.075032629,0.794125683,0.57926535,2.647141152
97,1.361618696,0.075032629,0.794125683,0.58015046,2.6689014579999997
98,1.361618696,0.075032629,0.794125683,0.5808567,2.6900507229999997
99,1.361618696,0.075032629,0.794125683,0.58140274,2.710579666
100,1.361618696,0.075032629,0.794125683,0.58182039,2.730480612
101,1.361618696,0.075032629,0.794125683,0.58214515,2.749751893
102,1.361618696,0.075032629,0.794125683,0.58240429,2.76839864
103,1.361618696,0.075032629,0.794125683,0.58261225,2.786431535
104,1.361618696,0.075032629,0.794125683,0.58278255,2.80386121
105,1.361618696,0.075032629,0.794125683,0.58292308,2.82070207
106,1.361618696,0.075032629,0.794125683,0.58304276,2.836967183
107,1.361618696,0.075032629,0.794125683,0.58314397,2.852672658
108,1.361618696,0.075032629,0.794125683,0.58323039,2.867834109
109,1.361618696,0.075032629,0.794125683,0.58330499,2.88246745
110,1.361618696,0.075032629,0.794125683,0.58336933,2.8965888399999997
111,1.361618696,0.075032629,0.794125683,0.58342517,2.91021393
112,1.361618696,0.075032629,0.794125683,0.58347378,2.923358393
113,1.361618696,0.075032629,0.794125683,0.5835174,2.936037964
114,1.361618696,0.075032629,0.794125683,0.58355492,2.9482671099999997
115,1.361618696,0.075032629,0.794125683,0.58358882,2.960061595
116,1.361618696,0.075032629,0.794125683,0.58361866,2.971435151
117,1.361618696,0.075032629,0.794125683,0.58364531,2.982402398
118,1.361618696,0.075032629,0.794125683,0.5836697,2.9929777779999998
119,1.361618696,0.075032629,0.794125683,0.58369127,3.0031741430000003
120,1.361618696,0.0,1.191188525,0.65166319,3.029086601
121,1.361618696,0.0,1.191188525,0.6726346,3.063116103
122,1.361618696,0.0,1.191188525,0.68015291,3.0981961190000002
123,1.361618696,0.0,1.191188525,0.68358033,3.132441279
124,1.361618696,0.0,1.191188525,0.68592112,3.165740753
125,1.361618696,0.0,1.191188525,0.68773887,3.19817527
126,1.361618696,0.0,1.191188525,0.68913016,3.229752091
127,1.361618696,0.0,1.191188525,0.69016496,3.2604445909999997
128,1.361618696,0.0,1.191188525,0.69092219,3.290227845
129,1.361618696,0.0,1.191188525,0.69147272,3.3190868239999998
130,1.361618696,0.0,1.191188525,0.69187308,3.3470188199999997
131,1.361618696,0.0,1.191188525,0.6921608,3.374032497
132,1.361618696,0.0,1.191188525,0.69236773,3.400138642
133,1.361618696,0.0,1.191188525,0.6925141,3.425354038
134,1.361618696,0.0,1.191188525,0.69261323,3.449699295
135,1.361618696,0.0,1.191188525,0.69267696,3.4731956449999997
136,1.361618696,0.0,1.191188525,0.69271256,3.495866679
137,1.361618696,0.0,1.191188525,0.69272513,3.5177364520000003
138,1.361618696,0.0,1.191188525,0.69271706,3.538828906
139,1.361618696,0.0,1.191188525,0.69269478,3.559167699
140,1.361618696,0.0,1.191188525,0.69265803,3.5787765410000003
141,1.361618696,0.0,1.191188525,0.69261088,3.5976791990000003
142,1.361618696,0.0,1.191188525,0.69255351,3.615898534
143,1.361618696,0.0,1.191188525,0.69248749,3.633457715
144,1.361618696,0.0,1.191188525,0.69241388,3.650378778
145,1.361618696,0.0,1.191188525,0.69233321,3.666683442
146,1.361618696,0.0,1.191188525,0.69224613,3.682393115
147,1.361618696,0.0,1.191188525,0.69215166,3.697527691
148,1.361618696,0.0,1.191188525,0.69205109,3.712108318
149,1.361618696,0.0,1.191188525,0.69194445,3.726153484
150,1.556135653,0.0,0.794125683,0.62953834,3.720658488
151,1.556135653,0.0,0.794125683,0.6136525,3.707491767
152,1.556135653,0.0,0.794125683,0.6087943,3.692919116
153,1.556135653,0.0,0.794125683,0.6062776,3.678017204
154,1.556135653,0.0,0.794125683,0.60462996,3.663128341
155,1.556135653,0.0,0.794125683,0.60345008,3.648420871
156,1.556135653,0.0,0.794125683,0.60257697,3.633989764
157,1.556135653,0.0,0.794125683,0.60192153,3.619891772
158,1.556135653,0.0,0.794125683,0.60143086,3.60615996
159,1.556135653,0.0,0.794125683,0.60106558,3.592815463
160,1.556135653,0.0,0.794125683,0.60079382,3.579870629
161,1.556135653,0.0,0.794125683,0.60059175,3.56733028
162,1.556135653,0.0,0.794125683,0.60044165,3.555194106
163,1.556135653,0.0,0.794125683,0.60032951,3.543458525
164,1.556135653,0.0,0.794125683,0.60024462,3.5321173210000003
165,1.556135653,0.0,0.794125683,0.60017877,3.521162604
166,1.556135653,0.0,0.794125683,0.60012653,3.510585307
167,1.556135653,0.0,0.794125683,0.60008431,3.500375613
168,1.556135653,0.0,0.794125683,0.60004945,3.490523421
169,1.556135653,0.0,0.794125683,0.60001965,3.481018329
170,1.556135653,0.0,0.794125683,0.59999358,3.471849784
171,1.556135653,0.0,0.794125683,0.59997087,3.463007309
172,1.556135653,0.0,0.794125683,0.59995093,3.454480663
173,1.556135653,0.0,0.794125683,0.59993421,3.4462598630000003
174,1.556135653,0.0,0.794125683,0.59991839,3.438335249
175,1.556135653,0.0,0.794125683,0.59990835,3.4306974
176,1.556135653,0.0,0.794125683,0.59990107,3.423337396
177,1.556135653,0.0,0.794125683,0.59989561,3.416246898
178,1.556135653,0.0,0.794125683,0.59989599,3.409418068
179,1.556135653,0.0,0.794125683,0.59990162,3.4028436120000003
0,1.556135653,0.0,0.794125683,0.198188,2.015018
1,1.556135653,0.0,0.794125683,0.374099,2.019187
2,1.556135653,0.0,0.794125683,0.478677,2.04026
3,1.556135653,0.0,0.794125683,0.536239,2.0720859999999997
4,1.556135653,0.0,0.794125683,0.563551,2.105631
5,1.556135653,0.0,0.794125683,0.574883,2.1376720000000002
6,1.556135653,0.0,0.794125683,0.583642,2.169167
7,1.556135653,0.0,0.794125683,0.591959,2.200904
8,1.556135653,0.0,0.794125683,0.597956,2.232936
9,1.556135653,0.0,0.794125683,0.601075,2.265033
10,1.556135653,0.0,0.794125683,0.601989,2.296897
11,1.556135653,0.0,0.794125683,0.601714,2.3282420000000004
12,1.556135653,0.0,0.794125683,0.600898,2.358848
13,1.556135653,0.0,0.794125683,0.599979,2.3885949999999996
14,1.556135653,0.0,0.794125683,0.599102,2.417431
15,1.556135653,0.0,0.794125683,0.598379,2.445353
16,1.556135653,0.0,0.794125683,0.597813,2.472375
17,1.556135653,0.0,0.794125683,0.597408,2.49852
18,1.556135653,0.0,0.794125683,0.597131,2.523812
19,1.556135653,0.0,0.794125683,0.596963,2.5482750000000003
20,1.361618696,0.0,1.191188525,0.663772,2.589751
21,1.361618696,0.0,1.191188525,0.681019,2.639581
22,1.361618696,0.0,1.191188525,0.685671,2.6899520000000003
23,1.361618696,0.0,1.191188525,0.686958,2.738897
24,1.361618696,0.0,1.191188525,0.687859,2.7863420000000003
25,1.361618696,0.0,1.191188525,0.688731,2.832392
26,1.361618696,0.0,1.191188525,0.689498,2.877074
27,1.361618696,0.0,1.191188525,0.690126,2.920381
28,1.361618696,0.0,1.191188525,0.690629,2.962312
29,1.361618696,0.0,1.191188525,0.691033,3.002873
30,1.361618696,0.0,1.191188525,0.691355,3.042081
31,1.361618696,0.0,1.191188525,0.691615,3.0799600000000003
32,1.361618696,0.0,1.191188525,0.691829,3.1165410000000002
33,1.361618696,0.0,1.191188525,0.692004,3.151859
34,1.361618696,0.0,1.191188525,0.692153,3.185946
35,1.361618696,0.0,1.191188525,0.692277,3.218839
36,1.361618696,0.0,1.191188525,0.692382,3.250575
37,1.361618696,0.0,1.191188525,0.692472,3.28119
38,1.361618696,0.0,1.191188525,0.692546,3.310721
39,1.361618696,0.0,1.191188525,0.692611,3.339203
40,1.361618696,0.075032629,0.794125683,0.620133,3.349839
41,1.361618696,0.075032629,0.794125683,0.603466,3.352364
42,1.361618696,0.075032629,0.794125683,0.596721,3.352616
43,1.361618696,0.075032629,0.794125683,0.592943,3.3518890000000003
44,1.361618696,0.075032629,0.794125683,0.590548,3.350644
45,1.361618696,0.075032629,0.794125683,0.588919,3.349096
46,1.361618696,0.075032629,0.794125683,0.587757,3.347359
47,1.361618696,0.075032629,0.794125683,0.586897,3.345498
48,1.361618696,0.075032629,0.794125683,0.586244,3.343556
49,1.361618696,0.075032629,0.794125683,0.585736,3.341565
50,1.361618696,0.075032629,0.794125683,0.585337,3.339547
51,1.361618696,0.075032629,0.794125683,0.585023,3.337521
52,1.361618696,0.075032629,0.794125683,0.584776,3.3355
53,1.361618696,0.075032629,0.794125683,0.584577,3.333497
54,1.361618696,0.075032629,0.794125683,0.584415,3.33152
55,1.361618696,0.075032629,0.794125683,0.584284,3.329576
56,1.361618696,0.075032629,0.794125683,0.584177,3.3276689999999998
57,1.361618696,0.075032629,0.794125683,0.584091,3.325804
58,1.361618696,0.075032629,0.794125683,0.584021,3.323984
59,1.361618696,0.075032629,0.794125683,0.583966,3.32221
60,1.361618696,0.150065258,0.397062842,0.514161,3.3045329999999997
61,1.361618696,0.150065258,0.397062842,0.494827,3.278863
62,1.361618696,0.150065258,0.397062842,0.486554,3.251275
63,1.361618696,0.150065258,0.397062842,0.482298,3.223589
64,1.361618696,0.150065258,0.397062842,0.479903,3.1964430000000004
65,1.361618696,0.150065258,0.397062842,0.478431,3.170067
66,1.361618696,0.150065258,0.397062842,0.477428,3.144518
67,1.361618696,0.150065258,0.397062842,0.476671,3.119783
68,1.361618696,0.150065258,0.397062842,0.476064,3.095838
69,1.361618696,0.150065258,0.397062842,0.475556,3.072656
70,1.361618696,0.150065258,0.397062842,0.475131,3.050217
71,1.361618696,0.150065258,0.397062842,0.474779,3.0285059999999997
72,1.361618696,0.150065258,0.397062842,0.474487,3.0075100000000003
73,1.361618696,0.150065258,0.397062842,0.474237,2.987212
74,1.361618696,0.150065258,0.397062842,0.474026,2.967597
75,1.361618696,0.150065258,0.397062842,0.473846,2.948646
76,1.361618696,0.150065258,0.397062842,0.473692,2.930344
77,1.361618696,0.150065258,0.397062842,0.47356,2.912673
78,1.361618696,0.150065258,0.397062842,0.473445,2.895615
79,1.361618696,0.150065258,0.397062842,0.473343,2.879151
80,1.16710174,0.225097887,0.397062842,0.470468,2.865049
81,1.16710174,0.225097887,0.397062842,0.467146,2.8521970000000003
82,1.16710174,0.225097887,0.397062842,0.464285,2.839831
83,1.16710174,0.225097887,0.397062842,0.462104,2.827725
84,1.16710174,0.225097887,0.397062842,0.460602,2.815874
85,1.16710174,0.225097887,0.397062842,0.459631,2.804328
86,1.16710174,0.225097887,0.397062842,0.459015,2.793122
87,1.16710174,0.225097887,0.397062842,0.458615,2.782272
88,1.16710174,0.225097887,0.397062842,0.458342,2.771777
89,1.16710174,0.225097887,0.397062842,0.458141,2.7616300000000003
90,1.16710174,0.225097887,0.397062842,0.457984,2.7518200000000004
91,1.16710174,0.225097887,0.397062842,0.457856,2.742335
92,1.16710174,0.225097887,0.397062842,0.457748,2.733168
93,1.16710174,0.225097887,0.397062842,0.457653,2.7243090000000003
94,1.16710174,0.225097887,0.397062842,0.457569,2.715748
95,1.16710174,0.225097887,0.397062842,0.457497,2.70748
96,1.16710174,0.225097887,0.397062842,0.457432,2.699493
97,1.16710174,0.225097887,0.397062842,0.457375,2.6917820000000003
98,1.16710174,0.225097887,0.397062842,0.457324,2.6843380000000003
99,1.16710174,0.225097887,0.397062842,0.457279,2.677152
100,0.972584783,0.225097887,0.794125683,0.520773,2.686689
101,0.972584783,0.225097887,0.794125683,0.54154,2.706852
102,0.972584783,0.225097887,0.794125683,0.548855,2.730076
103,0.972584783,0.225097887,0.794125683,0.549879,2.752709
104,0.972584783,0.225097887,0.794125683,0.54969,2.774179
105,0.972584783,0.225097887,0.794125683,0.549791,2.7947759999999997
106,0.972584783,0.225097887,0.794125683,0.550168,2.814722
107,0.972584783,0.225097887,0.794125683,0.550607,2.834096
108,0.972584783,0.225097887,0.794125683,0.551002,2.852906
109,0.972584783,0.225097887,0.794125683,0.551323,2.871143
110,0.972584783,0.225097887,0.794125683,0.55157,2.888801
111,0.972584783,0.225097887,0.794125683,0.551761,2.9058800000000002
112,0.972584783,0.225097887,0.794125683,0.55191,2.922387
113,0.972584783,0.225097887,0.794125683,0.552026,2.938332
114,0.972584783,0.225097887,0.794125683,0.552119,2.953728
115,0.972584783,0.225097887,0.794125683,0.552192,2.968588
116,0.972584783,0.225097887,0.794125683,0.552251,2.982927
117,0.972584783,0.225097887,0.794125683,0.552299,2.99676
118,0.972584783,0.225097887,0.794125683,0.552338,3.010103
119,0.972584783,0.225097887,0.794125683,0.55237,3.022972
120,0.778067826,0.225097887,1.191188525,0.617181,3.053382
121,0.778067826,0.225097887,1.191188525,0.636229,3.092364
122,0.778067826,0.225097887,1.191188525,0.640931,3.1320740000000002
123,0.778067826,0.225097887,1.191188525,0.642057,3.170609
124,0.778067826,0.225097887,1.191188525,0.642759,3.207948
125,0.778067826,0.225097887,1.191188525,0.643444,3.244218
126,0.778067826,0.225097887,1.191188525,0.644041,3.279444
127,0.778067826,0.225097887,1.191188525,0.644511,3.313612
128,0.778067826,0.225097887,1.191188525,0.644844,3.346705
129,0.778067826,0.225097887,1.191188525,0.645064,3.378716
130,0.778067826,0.225097887,1.191188525,0.645192,3.409654
131,0.778067826,0.225097887,1.191188525,0.645246,3.4395300000000004
132,0.778067826,0.225097887,1.191188525,0.645237,3.468365
133,0.778067826,0.225097887,1.191188525,0.645174,3.4961840000000004
134,0.778067826,0.225097887,1.191188525,0.645065,3.523012
135,0.778067826,0.225097887,1.191188525,0.644915,3.548877
136,0.778067826,0.225097887,1.191188525,0.644729,3.573808
137,0.778067826,0.225097887,1.191188525,0.644506,3.5978339999999998
138,0.778067826,0.225097887,1.191188525,0.64425,3.620984
139,0.778067826,0.225097887,1.191188525,0.643954,3.6432849999999997
140,0.58355087,0.225097887,1.588251366,0.698036,3.6839920000000004
141,0.58355087,0.225097887,1.588251366,0.711045,3.731351
142,0.58355087,0.225097887,1.588251366,0.711399,3.7780259999999997
143,0.58355087,0.225097887,1.588251366,0.709758,3.823237
144,0.58355087,0.225097887,1.588251366,0.707504,3.867129
145,0.58355087,0.225097887,1.588251366,0.70451,3.909771
146,0.58355087,0.225097887,1.588251366,0.700639,3.951156
147,0.58355087,0.225097887,1.588251366,0.695855,3.9912669999999997
148,0.58355087,0.225097887,1.588251366,0.690152,4.030086
149,0.58355087,0.225097887,1.588251366,0.68355,4.067608
150,0.58355087,0.225097887,1.588251366,0.676084,4.103833
151,0.58355087,0.225097887,1.588251366,0.667801,4.1387659999999995
152,0.58355087,0.225097887,1.588251366,0.658753,4.172415
153,0.58355087,0.225097887,1.588251366,0.649015,4.2047870000000005
154,0.58355087,0.225097887,1.588251366,0.638667,4.235892
155,0.58355087,0.225097887,1.588251366,0.6278,4.265738000000001
156,0.58355087,0.225097887,1.588251366,0.616516,4.294334
157,0.58355087,0.225097887,1.588251366,0.604915,4.321687
158,0.58355087,0.225097887,1.588251366,0.593103,4.347808
159,0.58355087,0.225097887,1.588251366,0.581185,4.372707
0,0.972584783,0.225097887,0.794125683,0.194236,2.019682
1,0.972584783,0.225097887,0.794125683,0.362627,2.030947
2,0.972584783,0.225097887,0.794125683,0.463398,2.060587
3,0.972584783,0.225097887,0.794125683,0.516615,2.100189
4,0.972584783,0.225097887,0.794125683,0.53671,2.1396819999999996
5,0.972584783,0.225097887,0.794125683,0.540931,2.17688
6,0.972584783,0.225097887,0.794125683,0.54493,2.2133510000000003
7,0.972584783,0.225097887,0.794125683,0.550097,2.249842
8,0.972584783,0.225097887,0.794125683,0.553643,2.286302
9,0.972584783,0.225097887,0.794125683,0.55495,2.3224769999999997
10,0.972584783,0.225097887,0.794125683,0.55479,2.3580880000000004
11,0.972584783,0.225097887,0.794125683,0.554012,2.392888
12,0.972584783,0.225097887,0.794125683,0.5531,2.426703
13,0.972584783,0.225097887,0.794125683,0.552255,2.459452
14,0.972584783,0.225097887,0.794125683,0.551558,2.491116
15,0.972584783,0.225097887,0.794125683,0.551026,2.521712
16,0.972584783,0.225097887,0.794125683,0.550644,2.5512689999999996
17,0.972584783,0.225097887,0.794125683,0.550391,2.579821
18,0.972584783,0.225097887,0.794125683,0.550237,2.607401
19,0.972584783,0.225097887,0.794125683,0.550158,2.634042
20,1.16710174,0.225097887,0.397062842,0.481952,2.642109
21,1.16710174,0.225097887,0.397062842,0.466404,2.640688
22,1.16710174,0.225097887,0.397062842,0.461115,2.63649
23,1.16710174,0.225097887,0.397062842,0.458989,2.631473
24,1.16710174,0.225097887,0.397062842,0.458068,2.62632
25,1.16710174,0.225097887,0.397062842,0.457626,2.6212649999999997
26,1.16710174,0.225097887,0.397062842,0.457343,2.6163670000000003
27,1.16710174,0.225097887,0.397062842,0.4571,2.611619
28,1.16710174,0.225097887,0.397062842,0.456872,2.607005
29,1.16710174,0.225097887,0.397062842,0.456671,2.602513
30,1.16710174,0.225097887,0.397062842,0.456502,2.5981439999999996
31,1.16710174,0.225097887,0.397062842,0.456367,2.593901
32,1.16710174,0.225097887,0.397062842,0.456264,2.589786
33,1.16710174,0.225097887,0.397062842,0.456192,2.585802
34,1.16710174,0.225097887,0.397062842,0.456145,2.5819520000000002
35,1.16710174,0.225097887,0.397062842,0.456115,2.578234
36,1.16710174,0.225097887,0.397062842,0.456099,2.574647
37,1.16710174,0.225097887,0.397062842,0.456093,2.571189
38,1.16710174,0.225097887,0.397062842,0.456093,2.567857
39,1.16710174,0.225097887,0.397062842,0.456099,2.564648
40,1.361618696,0.150065258,0.397062842,0.458945,2.559775
41,1.361618696,0.150065258,0.397062842,0.462221,2.5543310000000004
42,1.361618696,0.150065258,0.397062842,0.464996,2.549043
43,1.361618696,0.150065258,0.397062842,0.467083,2.544116
44,1.361618696,0.150065258,0.397062842,0.468519,2.539542
45,1.361618696,0.150065258,0.397062842,0.469449,2.535257
46,1.361618696,0.150065258,0.397062842,0.470041,2.5312040000000002
47,1.361618696,0.150065258,0.397062842,0.470426,2.527349
48,1.361618696,0.150065258,0.397062842,0.470686,2.523672
49,1.361618696,0.150065258,0.397062842,0.470875,2.520161
50,1.361618696,0.150065258,0.397062842,0.471026,2.5168090000000003
51,1.361618696,0.150065258,0.397062842,0.471154,2.513608
52,1.361618696,0.150065258,0.397062842,0.471265,2.510552
53,1.361618696,0.150065258,0.397062842,0.471362,2.507635
54,1.361618696,0.150065258,0.397062842,0.471448,2.504849
55,1.361618696,0.150065258,0.397062842,0.471525,2.502186
56,1.361618696,0.150065258,0.397062842,0.471593,2.49964
57,1.361618696,0.150065258,0.397062842,0.471655,2.4972060000000003
58,1.361618696,0.150065258,0.397062842,0.471712,2.494876
59,1.361618696,0.150065258,0.397062842,0.471763,2.492645
60,1.361618696,0.075032629,0.794125683,0.538557,2.505145
61,1.361618696,0.075032629,0.794125683,0.561742,2.527418
62,1.361618696,0.075032629,0.794125683,0.571868,2.552729
63,1.361618696,0.075032629,0.794125683,0.575229,2.577636
64,1.361618696,0.075032629,0.794125683,0.576651,2.6014690000000003
65,1.361618696,0.075032629,0.794125683,0.577793,2.624433
66,1.361618696,0.075032629,0.794125683,0.57885,2.6467199999999997
67,1.361618696,0.075032629,0.794125683,0.579752,2.668397
68,1.361618696,0.075032629,0.794125683,0.580476,2.689471
69,1.361618696,0.075032629,0.794125683,0.581041,2.709932
70,1.361618696,0.075032629,0.794125683,0.581477,2.729772
71,1.361618696,0.075032629,0.794125683,0.58182,2.748989
72,1.361618696,0.075032629,0.794125683,0.582096,2.7675880000000004
73,1.361618696,0.075032629,0.794125683,0.58232,2.785578
74,1.361618696,0.075032629,0.794125683,0.582505,2.802971
75,1.361618696,0.075032629,0.794125683,0.58266,2.819779
76,1.361618696,0.075032629,0.794125683,0.582792,2.836016
77,1.361618696,0.075032629,0.794125683,0.582905,2.851698
78,1.361618696,0.075032629,0.794125683,0.583003,2.866839
79,1.361618696,0.075032629,0.794125683,0.583088,2.881456
80,1.361618696,0.0,1.191188525,0.652077,2.911609
81,1.361618696,0.0,1.191188525,0.672822,2.949786
82,1.361618696,0.0,1.191188525,0.680253,2.988916
83,1.361618696,0.0,1.191188525,0.683573,3.0270859999999997
84,1.361618696,0.0,1.191188525,0.685836,3.064174
85,1.361618696,0.0,1.191188525,0.687609,3.100259
86,1.361618696,0.0,1.191188525,0.68898,3.1353519999999997
87,1.361618696,0.0,1.191188525,0.690013,3.1694340000000003
88,1.361618696,0.0,1.191188525,0.69078,3.2024850000000002
89,1.361618696,0.0,1.191188525,0.691349,3.234496
90,1.361618696,0.0,1.191188525,0.691772,3.265469
91,1.361618696,0.0,1.191188525,0.692087,3.2954160000000003
92,1.361618696,0.0,1.191188525,0.692321,3.324353
93,1.361618696,0.0,1.191188525,0.692494,3.3523009999999998
94,1.361618696,0.0,1.191188525,0.692621,3.379283
95,1.361618696,0.0,1.191188525,0.692712,3.4053240000000002
96,1.361618696,0.0,1.191188525,0.692774,3.43045
97,1.361618696,0.0,1.191188525,0.692812,3.4546900000000003
98,1.361618696,0.0,1.191188525,0.69283,3.478069
99,1.361618696,0.0,1.191188525,0.692833,3.500615
100,1.556135653,0.0,0.794125683,0.625617,3.503435
101,1.556135653,0.0,0.794125683,0.611357,3.498076
102,1.556135653,0.0,0.794125683,0.607134,3.490867
103,1.556135653,0.0,0.794125683,0.60506,3.483062
104,1.556135653,0.0,0.794125683,0.603764,3.475067
105,1.556135653,0.0,0.794125683,0.602839,3.467061
106,1.556135653,0.0,0.794125683,0.602141,3.4591309999999997
107,1.556135653,0.0,0.794125683,0.601599,3.451327
108,1.556135653,0.0,0.794125683,0.601176,3.443681
109,1.556135653,0.0,0.794125683,0.600845,3.436214
110,1.556135653,0.0,0.794125683,0.600588,3.428941
111,1.556135653,0.0,0.794125683,0.60039,3.421872
112,1.556135653,0.0,0.794125683,0.600239,3.415013
113,1.556135653,0.0,0.794125683,0.600122,3.408365
114,1.556135653,0.0,0.794125683,0.600032,3.401929
115,1.556135653,0.0,0.794125683,0.599963,3.3957020000000004
116,1.556135653,0.0,0.794125683,0.599909,3.3896819999999996
117,1.556135653,0.0,0.794125683,0.599866,3.383864
118,1.556135653,0.0,0.794125683,0.599831,3.3782460000000003
119,1.556135653,0.0,0.794125683,0.599802,3.372821
0,1.556135653,0.0,0.794125683,0.198188,2.015018
1,1.556135653,0.0,0.794125683,0.374099,2.019187
2,1.556135653,0.0,0.794125683,0.478677,2.04026
3,1.556135653,0.0,0.794125683,0.536239,2.0720859999999997
4,1.556135653,0.0,0.794125683,0.563551,2.105631
5,1.556135653,0.0,0.794125683,0.574883,2.1376720000000002
6,1.556135653,0.0,0.794125683,0.583642,2.169167
7,1.556135653,0.0,0.794125683,0.591959,2.200904
8,1.556135653,0.0,0.794125683,0.597956,2.232936
9,1.556135653,0.0,0.794125683,0.601077,2.265033
10,1.361618696,0.0,1.191188525,0.662271,2.3144839999999998
11,1.361618696,0.0,1.191188525,0.682115,2.372166
12,1.361618696,0.0,1.191188525,0.687856,2.430325
13,1.361618696,0.0,1.191188525,0.68955,2.487111
14,1.361618696,0.0,1.191188525,0.690413,2.542469
15,1.361618696,0.0,1.191188525,0.690978,2.596433
16,1.361618696,0.0,1.191188525,0.69132,2.648946
17,1.361618696,0.0,1.191188525,0.691492,2.699936
18,1.361618696,0.0,1.191188525,0.69157,2.749362
19,1.361618696,0.0,1.191188525,0.691603,2.797208
20,1.361618696,0.075032629,0.794125683,0.619398,2.8267849999999997
21,1.361618696,0.075032629,0.794125683,0.602556,2.847688
22,1.361618696,0.075032629,0.794125683,0.595456,2.865698
23,1.361618696,0.075032629,0.794125683,0.591433,2.8821019999999997
24,1.361618696,0.075032629,0.794125683,0.588885,2.8973780000000002
25,1.361618696,0.075032629,0.794125683,0.587198,2.9117669999999998
26,1.361618696,0.075032629,0.794125683,0.586043,2.9254140000000004
27,1.361618696,0.075032629,0.794125683,0.585229,2.938409
28,1.361618696,0.075032629,0.794125683,0.584642,2.950815
29,1.361618696,0.075032629,0.794125683,0.584217,2.9626819999999996
30,1.361618696,0.150065258,0.397062842,0.512204,2.958164
31,1.361618696,0.150065258,0.397062842,0.493383,2.945007
32,1.361618696,0.150065258,0.397062842,0.485277,2.9294140000000004
33,1.361618696,0.150065258,0.397062842,0.481175,2.9132710000000004
34,1.361618696,0.150065258,0.397062842,0.478908,2.897257
35,1.361618696,0.150065258,0.397062842,0.477545,2.88162
36,1.361618696,0.150065258,0.397062842,0.476614,2.8664340000000004
37,1.361618696,0.150065258,0.397062842,0.475901,2.8516950000000003
38,1.361618696,0.150065258,0.397062842,0.475317,2.837387
39,1.361618696,0.150065258,0.397062842,0.474823,2.823494
40,1.16710174,0.225097887,0.397062842,0.471355,2.811808
41,1.16710174,0.225097887,0.397062842,0.467785,2.801206
42,1.16710174,0.225097887,0.397062842,0.464749,2.7909409999999997
43,1.16710174,0.225097887,0.397062842,0.462465,2.780809
44,1.16710174,0.225097887,0.397062842,0.460893,2.770829
45,1.16710174,0.225097887,0.397062842,0.459864,2.7610569999999997
46,1.16710174,0.225097887,0.397062842,0.459192,2.751538
47,1.16710174,0.225097887,0.397062842,0.45874,2.742292
48,1.16710174,0.225097887,0.397062842,0.458417,2.733325
49,1.16710174,0.225097887,0.397062842,0.458167,2.724635
50,0.972584783,0.225097887,0.794125683,0.522682,2.732688
51,0.972584783,0.225097887,0.794125683,0.542791,2.75143
52,0.972584783,0.225097887,0.794125683,0.549651,2.77324
53,0.972584783,0.225097887,0.794125683,0.550321,2.794476
54,0.972584783,0.225097887,0.794125683,0.549911,2.8145700000000002
55,0.972584783,0.225097887,0.794125683,0.549867,2.833808
56,0.972584783,0.225097887,0.794125683,0.550144,2.852411
57,0.972584783,0.225097887,0.794125683,0.55052,2.870462
58,0.972584783,0.225097887,0.794125683,0.550868,2.887976
59,0.972584783,0.225097887,0.794125683,0.551159,2.904948
60,0.778067826,0.225097887,1.191188525,0.617889,2.9393119999999997
61,0.778067826,0.225097887,1.191188525,0.636567,2.982246
62,0.778067826,0.225097887,1.191188525,0.641123,3.025868
63,0.778067826,0.225097887,1.191188525,0.642106,3.0682069999999997
64,0.778067826,0.225097887,1.191188525,0.642729,3.109218
65,0.778067826,0.225097887,1.191188525,0.643395,3.1490270000000002
66,0.778067826,0.225097887,1.191188525,0.644015,3.187661
67,0.778067826,0.225097887,1.191188525,0.644529,3.2251149999999997
68,0.778067826,0.225097887,1.191188525,0.64492,3.261377
69,0.778067826,0.225097887,1.191188525,0.645208,3.296446
